{"v":"4.6.3","fr":25,"ip":0,"op":52,"w":512,"h":512,"nm":"Test","ddd":0,"assets":[],"layers":[{"ddd":0,"ind":1,"ty":4,"nm":"Top Outlines","ks":{"o":{"a":0,"k":100},"r":{"a":0,"k":0},"p":{"a":0,"k":[255.997,256.387,0]},"a":{"a":0,"k":[320.003,368.388,0]},"s":{"a":0,"k":[100,100,100]}},"ao":0,"shapes":[{"ty":"gr","it":[{"ind":0,"ty":"sh","ix":1,"ks":{"a":0,"k":{"i":[[0,0],[0,0],[44.183,0],[0,-44.183],[0,0],[0,0],[-88.559,0.277],[0,0],[0,88.171],[0,0],[22.092,0],[0,-22.091],[0,0],[44.183,0],[0,44.183],[0,0]],"o":[[0,0],[0,-44.183],[-44.183,0],[0,0],[0,0],[-0.005,88.559],[0,0],[88.17,-0.275],[0,0],[0,-22.091],[-22.092,0],[0,0],[0,44.183],[-44.183,0],[0,0],[0,0]],"v":[[0.003,47.612],[0.003,-32.388],[-79.997,-112.388],[-159.997,-32.388],[-159.997,47.612],[-159.997,48.112],[0.493,208.11],[0.503,208.11],[160.003,48.112],[160.003,-72.388],[120.003,-112.388],[80.003,-72.388],[80.003,47.612],[0.003,127.612],[-79.997,47.612],[-79.997,-208.388]],"c":false}},"nm":"Path 1","mn":"ADBE Vector Shape - Group"},{"ty":"tm","s":{"a":1,"k":[{"i":{"x":[0],"y":[1]},"o":{"x":[0.333],"y":[0]},"n":["0_1_0p333_0"],"t":0,"s":[99.8],"e":[0]},{"t":50}],"ix":1},"e":{"a":1,"k":[{"i":{"x":[0.118],"y":[1]},"o":{"x":[0.181],"y":[1.621]},"n":["0p118_1_0p181_1p621"],"t":0,"s":[100],"e":[90]},{"t":50}],"ix":2},"o":{"a":0,"k":0,"ix":3},"m":1,"ix":2,"nm":"Trim Paths 1","mn":"ADBE Vector Filter - Trim"},{"ty":"st","c":{"a":0,"k":[0,0.3755716,0.7747855,1]},"o":{"a":0,"k":100},"w":{"a":1,"k":[{"i":{"x":[0.833],"y":[0.833]},"o":{"x":[0.167],"y":[0.167]},"n":["0p833_0p833_0p167_0p167"],"t":0,"s":[21],"e":[63]},{"i":{"x":[0.833],"y":[0.833]},"o":{"x":[0.167],"y":[0.167]},"n":["0p833_0p833_0p167_0p167"],"t":16,"s":[63],"e":[63]},{"t":50}]},"lc":2,"lj":1,"ml":10,"nm":"Stroke 1","mn":"ADBE Vector Graphic - Stroke"},{"ty":"tr","p":{"a":0,"k":[320.003,368.388],"ix":2},"a":{"a":0,"k":[0,0],"ix":1},"s":{"a":0,"k":[100,100],"ix":3},"r":{"a":0,"k":0,"ix":6},"o":{"a":0,"k":100,"ix":7},"sk":{"a":0,"k":0,"ix":4},"sa":{"a":0,"k":4,"ix":5},"nm":"Transform"}],"nm":"Group 1","np":3,"cix":2,"ix":1,"mn":"ADBE Vector Group"}],"ip":0,"op":150,"st":0,"bm":0,"sr":1}]}